,Continent,Pred_Crop (kHa),Pred_Past (kHa),FAO_Crop (kHa),FAO_Past (kHa)
0,AFRICA,252018.21845673924,767610.086404688,271775.91647999996,821897.46438
1,ASIA,551899.347315612,874776.8601339024,566887.7124602335,903859.1189940684
2,EUROPE,253379.95351640938,133718.77921708356,259329.31817885596,139709.78245331082
3,LATIN AMERICA,170364.70761513195,530045.4602299461,170832.40800000008,535083.35174
4,NORTHERN AMERICA,159134.30313221866,244910.65837609526,159720.7438497301,245195.55865630126
5,OCEANIA,32304.361860486362,337514.1164438412,31950.6,340640.0
